PG0001,Aan Setiawan,L,Kp. Timur,0819-281918,2014-02-09 10:35:00
PG0002,Imron Fadillah,L,Lubang Buaya,0291-291829,2014-02-09 12:00:00
PG0003,Triana Masrie,P,Ciracas,0881-928192,2014-02-19 12:00:00
PG0004,Febria Monica,P,Bambu Apus,0889-191911,2014-02-19 12:00:00
PG0005,Joni,L,Kp. Tengah,0857-177177,2014-02-19 12:00:00
PG0006,Nova Yanti Patimah,P,Jl. Haji Gofur Ds. Pakuhaji Ngamprah,0811-89674523,2014-02-19 12:00:00
PG0007,Gun Gun Iskandar,L,Jalana Mahar Martanegara Utama Cimahi Selatan,0822-88664422,2014-02-22 12:00:00
PG0008,Mega Silfha,P,Nanjung Lagadar Marga Asih,0833-87654321,2014-02-22 12:00:00
PG0009,Tanti Nurlinawati,P,Jl. Babakan Cianjur No.29B Suakraja Cicendo,0844-86644220,2014-02-22 12:00:00
PG0010,Dimas Dewantoro,L,Karya 2 No.03 Cicendo,0855-85634119,2014-02-23 12:00:00
PG0011,Siti Nurjanah,P,Jl. Leuwi Gajah / Kp.Ciputri No.122 Cigugur Tengah Cimahi Tengah,0866-84624018,2014-03-06 12:00:00
PG0012,Lani Maylani,P,Peumnas Cijerah 2 Gempolsari Bandung Kulon,0877-83613917,2014-03-06 12:00:00
PG0013,Arli Hartomo Yugo,L,Lapang Tembak Selatan. Gg Mekar Sari 1 No. 28 Padasuka Cimahi Selatan,0888-82603816,2014-03-06 12:00:00
PG0014,Siska Nurhotimah,P,Rancabali Pasirkaliki Cimahi Utara,0899-81593715,2014-03-06 12:00:00
PG0015,Dian Rosmayati,P,Gg. Mesjid Al-Imtisal No. 145 Cimareme Ngamprah,0811-80583614,2014-03-28 12:00:00
PG0016,Abdullah Afif Anwari,L,Nanjung Lagadar Marga Asih,0822-79573513,2014-03-28 12:00:00
PG0017,Angie Cita Pratam,P,Jl. Babakan Cianjur No.29B Suakraja Cicendo,0833-78563412,2014-03-28 12:00:00
PG0018,Arli Hartomo Yugo,L,Lapang Tembak Selatan. Gg Mekar Sari 1 No. 28 Padasuka Cimahi Selatan,0888-82603816,2014-03-28 12:00:00
PG0019,Cicy Eka Murdeny,P,Jl. Leuwi Gajah / Kp.Ciputri No.122 Cigugur Tengah Cimahi Tengah,0855-76543210,2014-03-28 12:00:00
PG0020,Egi Nugraha,L,Peumnas Cijerah 2 Gempolsari Bandung Kulon,0866-75533109,2014-03-28 12:00:00
PG0021,Firman Deanto,L,Jl. Haji Gofur Ds. Pakuhaji Ngamprah,0877-74523008,2014-04-10 12:00:00
PG0022,Fitri Irma Saputri,P,Jalana Mahar Martanegara Utama Cimahi Selatan,0888-73512907,2014-04-10 12:00:00
PG0023,Gina Nurwafa Husen,P,Rancabali Pasirkaliki Cimahi Utara,0899-72502806,2014-04-11 12:00:00
PG0024,Gitta Fenturi,P,Gg. Mesjid Al-Imtisal No. 145 Cimareme Ngamprah,0811-71492705,2014-04-11 12:00:00
PG0025,Hafidz Reksa Nugraha,L,Jl. Haji Gofur Ds. Pakuhaji Ngamprah,0822-70482604,2014-04-12 12:00:00
PG0026,Imansyah Dwi Cahyo,L,Jalana Mahar Martanegara Utama Cimahi Selatan,0833-69472503,2014-04-12 12:00:00
PG0027,Indah Octavia Dewi,P,Nanjung Lagadar Marga Asih,0844-68462402,2014-04-12 12:00:00
PG0028,Indra Mukti Kirnawan,L,Jl. Babakan Cianjur No.29B Suakraja Cicendo,0855-67452301,2014-04-12 12:00:00
